{
    "scanner":{
        "audit_optimization":{
            "consolidate_passive_issues":false,
            "follow_redirections":true,
            "maintain_session":true,
            "scan_accuracy":"minimise_false_negatives",
            "scan_speed":"thorough",
            "skip_ineffective_checks":false
        },
        "frequently_occurring_insertion_points":{
            "quick_scan_body_params":false,
            "quick_scan_cookies":false,
            "quick_scan_entire_body":false,
            "quick_scan_http_headers":false,
            "quick_scan_param_name":false,
            "quick_scan_url_params":false,
            "quick_scan_url_path_filename":false,
            "quick_scan_url_path_folders":false
        },
        "ignored_insertion_points":{
            "skip_all_tests_for_parameters":[],
            "skip_server_side_injection_for_parameters":[]
        },
        "insertion_point_types":{
            "insert_body_params":true,
            "insert_cookies":true,
            "insert_entire_body":true,
            "insert_http_headers":true,
            "insert_param_name":true,
            "insert_url_params":true,
            "insert_url_path_filename":true,
            "insert_url_path_folders":true
        },
        "javascript_analysis":{
            "max_dynamic_time_per_item":600,
            "max_static_time_per_item":600,
            "request_missing_dependencies":true,
            "use_dynamic_analysis":true,
            "use_static_analysis":true
        },
        "misc_insertion_point_options":{
            "max_insertion_points_per_base_request":999,
            "use_nested_insertion_points":true
        },
        "modifying_parameter_locations":{
            "body_to_cookie":true,
            "body_to_url":true,
            "cookie_to_body":true,
            "cookie_to_url":true,
            "url_to_body":true,
            "url_to_cookie":true
        }
    }
}
