{
    "scanner": {
        "audit_optimization": {
            "consolidate_passive_issues": true,
            "follow_redirections": true,
            "maintain_session": true,
            "scan_accuracy": "normal",
            "scan_speed": "normal",
            "skip_ineffective_checks": true
        },
        "error_handling": {
            "consecutive_audit_check_failures_to_skip_insertion_point": 2,
            "consecutive_insertion_point_failures_to_fail_audit_item": 2,
            "pause_task_failed_audit_item_count": 10,
            "pause_task_failed_audit_item_percentage": 0,
            "number_of_follow_up_passes": 1
        },
        "frequently_occurring_insertion_points": {
            "quick_scan_body_params": true,
            "quick_scan_cookies": true,
            "quick_scan_entire_body": true,
            "quick_scan_http_headers": true,
            "quick_scan_param_name": true,
            "quick_scan_url_params": true,
            "quick_scan_url_path_filename": true,
            "quick_scan_url_path_folders": true
        },
        "ignored_insertion_points": {
            "skip_all_tests_for_parameters": [],
            "skip_server_side_injection_for_parameters": [
                {
                    "enabled": true,
                    "expression": "aspsessionid.*",
                    "item": "name",
                    "match_type": "matches_regex",
                    "parameter": "cookie"
                },
                {
                    "enabled": true,
                    "expression": "asp.net_sessionid",
                    "item": "name",
                    "match_type": "is",
                    "parameter": "cookie"
                },
                {
                    "enabled": true,
                    "expression": "__eventtarget",
                    "item": "name",
                    "match_type": "is",
                    "parameter": "body_parameter"
                },
                {
                    "enabled": true,
                    "expression": "__eventargument",
                    "item": "name",
                    "match_type": "is",
                    "parameter": "body_parameter"
                },
                {
                    "enabled": true,
                    "expression": "__viewstate",
                    "item": "name",
                    "match_type": "is",
                    "parameter": "body_parameter"
                },
                {
                    "enabled": true,
                    "expression": "__eventvalidation",
                    "item": "name",
                    "match_type": "is",
                    "parameter": "body_parameter"
                },
                {
                    "enabled": true,
                    "expression": "jsessionid",
                    "item": "name",
                    "match_type": "is",
                    "parameter": "any_parameter"
                },
                {
                    "enabled": true,
                    "expression": "cfid",
                    "item": "name",
                    "match_type": "is",
                    "parameter": "cookie"
                },
                {
                    "enabled": true,
                    "expression": "cftoken",
                    "item": "name",
                    "match_type": "is",
                    "parameter": "cookie"
                },
                {
                    "enabled": true,
                    "expression": "PHPSESSID",
                    "item": "name",
                    "match_type": "is",
                    "parameter": "cookie"
                },
                {
                    "enabled": true,
                    "expression": "session_id",
                    "item": "name",
                    "match_type": "is",
                    "parameter": "cookie"
                }
            ]
        },
        "insertion_point_types": {
            "insert_body_params": true,
            "insert_cookies": true,
            "insert_entire_body": true,
            "insert_http_headers": true,
            "insert_param_name": true,
            "insert_url_params": true,
            "insert_url_path_filename": true,
            "insert_url_path_folders": true
        },
        "issues_reported": {
            "scan_type_intrusive_active": true,
            "scan_type_light_active": true,
            "scan_type_medium_active": true,
            "scan_type_passive": true,
            "scan_type_javascript_analysis": true,
            "select_individual_issues": false,
            "selected_issues": [],
            "store_issues_within_queue_items": false
        },
        "javascript_analysis": {
            "max_dynamic_time_per_item": 30,
            "max_static_time_per_item": 30,
            "request_missing_dependencies": true,
            "use_dynamic_analysis": true,
            "use_static_analysis": true
        },
        "misc_insertion_point_options": {
            "max_insertion_points_per_base_request": 30,
            "use_nested_insertion_points": true
        },
        "modifying_parameter_locations": {
            "body_to_cookie": false,
            "body_to_url": false,
            "cookie_to_body": false,
            "cookie_to_url": false,
            "url_to_body": false,
            "url_to_cookie": false
        }
    }
}