{
    "crawler": {
        "crawl_limits": {
            "maximum_crawl_time": 300,
            "maximum_unique_locations": 5000,
            "maximum_request_count": 0
        },
        "crawl_optimization": {
            "crawl_strategy": "normal",
            "crawl_strategy_customized": false,
            "logging_directory": null,
            "logging_enabled": false,
            "maximum_link_depth": 8
        },
        "error_handling": {
            "number_of_follow_up_passes": 1,
            "pause_task_requests_timed_out_count": 10,
            "pause_task_requests_timed_out_percentage": 0
        },
        "login_functions": {
            "attempt_to_self_register_a_user": true,
            "trigger_login_failures": true
        },
        "customization": {
            "allow_out_of_scope_resources":true,
            "browser_based_navigation":false,
            "timeout_for_in_progress_resource_requests": 10,
            "submit_forms": true,
            "customize_user_agent": false,
            "user_agent": "",
            "request_robots_txt": true,
            "request_sitemap": true,
            "maximum_items_from_sitemap": 1000,
            "request_speculative": true,
            "maximum_speculative_links": 1000
        }
    }
}